date,news_count,avg_sentiment,sentiment
2022-06-03,12,0.05694444444444444,"{'neutral': 6, 'positive': 4, 'negative': 2}"
2022-06-04,2,0.0,{'neutral': 2}
2022-06-05,3,0.16666666666666666,"{'neutral': 2, 'positive': 1}"
2022-06-06,25,0.3511111111111111,"{'positive': 13, 'neutral': 9, 'negative': 3}"
2022-06-07,22,0.15938975796930344,"{'neutral': 12, 'positive': 7, 'negative': 3}"
2022-06-08,26,0.32062937062937064,"{'positive': 13, 'neutral': 9, 'negative': 4}"
2022-06-09,27,0.2762686387686388,"{'neutral': 13, 'positive': 12, 'negative': 2}"
2022-06-10,25,-0.04351948051948052,"{'positive': 10, 'neutral': 8, 'negative': 7}"
2022-06-11,4,0.5625,"{'positive': 3, 'neutral': 1}"
2022-06-12,6,0.16666666666666666,"{'neutral': 3, 'positive': 2, 'negative': 1}"
2022-06-13,23,-0.020289855072463767,"{'neutral': 20, 'positive': 2, 'negative': 1}"
2022-06-14,18,0.28843193843193843,"{'positive': 10, 'neutral': 8}"
2022-06-15,22,0.3590909090909091,"{'positive': 11, 'neutral': 9, 'negative': 2}"
2022-06-16,16,0.07920725108225107,"{'neutral': 8, 'positive': 7, 'negative': 1}"
2022-06-17,26,0.30613553113553116,"{'neutral': 13, 'positive': 12, 'negative': 1}"
2022-06-18,2,0.0,{'neutral': 2}
2022-06-20,7,0.3627551020408163,"{'positive': 4, 'neutral': 2, 'negative': 1}"
2022-06-21,17,0.4496148459383753,"{'positive': 11, 'neutral': 5, 'negative': 1}"
2022-06-22,16,0.3254599567099567,"{'positive': 11, 'neutral': 5}"
2022-06-23,24,0.11593501984126986,"{'neutral': 11, 'positive': 9, 'negative': 4}"
2022-06-24,16,0.2871279761904762,"{'neutral': 8, 'positive': 7, 'negative': 1}"
2022-06-25,4,0.16805555555555557,"{'positive': 2, 'neutral': 1, 'negative': 1}"
2022-06-26,7,0.5285714285714286,"{'positive': 5, 'neutral': 2}"
2022-06-27,21,0.11915670308527451,"{'positive': 12, 'neutral': 7, 'negative': 2}"
2022-06-28,19,0.1807017543859649,"{'neutral': 9, 'positive': 7, 'negative': 3}"
2022-06-29,23,0.036467156032373424,"{'neutral': 11, 'positive': 7, 'negative': 5}"
2022-06-30,29,-0.12681121560431904,"{'neutral': 13, 'negative': 9, 'positive': 7}"
2022-07-01,18,0.34832451499118167,"{'positive': 11, 'neutral': 7}"
2022-07-02,9,0.4373737373737374,"{'positive': 6, 'neutral': 3}"
2022-07-03,4,0.4464285714285714,"{'positive': 3, 'neutral': 1}"
2022-07-04,9,0.5555555555555556,"{'positive': 5, 'neutral': 4}"
2022-07-05,11,0.263035113035113,"{'neutral': 6, 'positive': 5}"
2022-07-06,16,0.21704545454545454,"{'positive': 9, 'negative': 4, 'neutral': 3}"
2022-07-07,16,0.23857323232323233,"{'neutral': 8, 'positive': 8}"
2022-07-08,6,0.2833333333333333,"{'positive': 3, 'negative': 2, 'neutral': 1}"
2022-07-09,3,0.32314814814814813,"{'neutral': 2, 'positive': 1}"
2022-07-11,12,0.353030303030303,"{'positive': 6, 'neutral': 5, 'negative': 1}"
2022-07-12,23,0.16949620427881298,"{'neutral': 14, 'positive': 7, 'negative': 2}"
2022-07-13,17,0.26769798828622354,"{'positive': 10, 'neutral': 4, 'negative': 3}"
2022-07-14,23,0.2826086956521739,"{'neutral': 11, 'positive': 10, 'negative': 2}"
2022-07-15,16,0.24479166666666669,"{'neutral': 11, 'positive': 5}"
2022-07-17,5,0.12857142857142856,"{'neutral': 4, 'positive': 1}"
2022-07-18,23,0.10221417069243158,"{'positive': 8, 'negative': 8, 'neutral': 7}"
2022-07-19,38,0.3847187412976887,"{'positive': 20, 'neutral': 13, 'negative': 5}"
2022-07-20,27,0.47202581369248037,"{'positive': 16, 'neutral': 11}"
2022-07-21,18,0.4375,"{'positive': 11, 'neutral': 4, 'negative': 3}"
2022-07-22,34,-0.0034080298786181213,"{'neutral': 14, 'positive': 11, 'negative': 9}"
2022-07-23,3,0.3333333333333333,"{'neutral': 2, 'positive': 1}"
2022-07-24,8,0.14145021645021644,"{'neutral': 4, 'positive': 3, 'negative': 1}"
2022-07-25,36,0.28530092592592593,"{'positive': 16, 'neutral': 16, 'negative': 4}"
2022-07-26,16,-0.13482142857142856,"{'neutral': 7, 'negative': 5, 'positive': 4}"
2022-07-27,23,0.3130434782608696,"{'neutral': 13, 'positive': 9, 'negative': 1}"
2022-07-28,34,0.1343285799168152,"{'neutral': 16, 'positive': 12, 'negative': 6}"
2022-07-29,38,0.37236842105263157,"{'positive': 22, 'neutral': 13, 'negative': 3}"
2022-07-30,1,0.0,{'neutral': 1}
2022-07-31,2,0.5,"{'positive': 1, 'neutral': 1}"
2022-08-01,18,0.11468253968253966,"{'neutral': 10, 'positive': 5, 'negative': 3}"
2022-08-02,11,0.19848484848484851,"{'positive': 5, 'neutral': 4, 'negative': 2}"
2022-08-03,20,0.4047186147186147,"{'positive': 10, 'neutral': 10}"
2022-08-04,19,0.16522556390977444,"{'neutral': 9, 'positive': 8, 'negative': 2}"
2022-08-05,7,-1.586032892321652e-17,"{'negative': 3, 'positive': 2, 'neutral': 2}"
2022-08-06,10,0.25,"{'neutral': 5, 'positive': 4, 'negative': 1}"
2022-08-07,6,0.2333333333333333,"{'positive': 4, 'neutral': 2}"
2022-08-08,12,0.4398313492063492,"{'positive': 8, 'neutral': 4}"
2022-08-09,23,-0.22308488612836436,"{'negative': 9, 'positive': 7, 'neutral': 7}"
2022-08-10,24,0.31176948051948056,"{'neutral': 12, 'positive': 10, 'negative': 2}"
2022-08-11,12,0.36319444444444443,"{'positive': 6, 'neutral': 6}"
2022-08-12,13,0.40469530469530474,"{'positive': 8, 'neutral': 5}"
2022-08-13,1,-0.15555555555555556,{'negative': 1}
2022-08-14,4,0.0,"{'neutral': 2, 'negative': 1, 'positive': 1}"
2022-08-15,18,0.10817901234567902,"{'positive': 8, 'neutral': 7, 'negative': 3}"
2022-08-16,17,0.22426788897377134,"{'neutral': 11, 'positive': 6}"
2022-08-17,14,0.13816094619666047,"{'neutral': 9, 'positive': 4, 'negative': 1}"
2022-08-18,13,0.2833999333999334,"{'positive': 7, 'neutral': 5, 'negative': 1}"
2022-08-19,18,0.2958994708994709,"{'positive': 9, 'neutral': 7, 'negative': 2}"
2022-08-20,5,0.31,"{'positive': 3, 'neutral': 2}"
2022-08-21,4,0.421875,"{'positive': 2, 'negative': 1, 'neutral': 1}"
2022-08-22,17,0.07093837535014007,"{'positive': 7, 'neutral': 6, 'negative': 4}"
2022-08-23,19,0.27769423558897244,"{'neutral': 9, 'positive': 8, 'negative': 2}"
2022-08-24,12,0.08172198172198171,"{'neutral': 5, 'positive': 5, 'negative': 2}"
2022-08-25,14,0.46488095238095234,"{'positive': 8, 'neutral': 5, 'negative': 1}"
2022-08-26,20,0.28833333333333333,"{'positive': 10, 'neutral': 7, 'negative': 3}"
2022-08-27,5,0.33714285714285713,"{'positive': 3, 'neutral': 2}"
2022-08-28,3,0.03703703703703704,"{'neutral': 2, 'positive': 1}"
2022-08-29,24,0.12559636544011543,"{'positive': 12, 'neutral': 7, 'negative': 5}"
2022-08-30,19,0.08079922027290448,"{'neutral': 9, 'positive': 6, 'negative': 4}"
2022-08-31,16,0.21145833333333333,"{'neutral': 9, 'positive': 6, 'negative': 1}"
2022-09-01,18,0.201984126984127,"{'positive': 11, 'neutral': 6, 'negative': 1}"
2022-09-02,15,0.12944444444444445,"{'neutral': 9, 'positive': 5, 'negative': 1}"
2022-09-03,3,0.6666666666666666,"{'positive': 2, 'neutral': 1}"
2022-09-04,1,1.0,{'positive': 1}
2022-09-05,4,0.5,"{'positive': 2, 'neutral': 2}"
2022-09-06,21,0.06825396825396826,"{'neutral': 13, 'positive': 5, 'negative': 3}"
2022-09-07,25,0.2337828282828283,"{'neutral': 14, 'positive': 9, 'negative': 2}"
2022-09-08,22,0.31074380165289256,"{'positive': 12, 'neutral': 10}"
2022-09-09,21,0.32117604617604617,"{'positive': 10, 'neutral': 9, 'negative': 2}"
2022-09-10,3,0.26666666666666666,"{'neutral': 2, 'positive': 1}"
2022-09-11,2,-0.04403409090909091,{'neutral': 2}
2022-09-12,14,0.49166666666666664,"{'positive': 10, 'neutral': 3, 'negative': 1}"
2022-09-13,26,0.03146853146853147,"{'neutral': 13, 'positive': 8, 'negative': 5}"
2022-09-14,26,0.21518065268065267,"{'neutral': 14, 'positive': 11, 'negative': 1}"
2022-09-15,18,-0.02711640211640211,"{'neutral': 10, 'positive': 5, 'negative': 3}"
2022-09-16,10,0.13666666666666666,"{'neutral': 5, 'positive': 4, 'negative': 1}"
2022-09-17,4,0.25,"{'neutral': 3, 'positive': 1}"
2022-09-18,1,0.0,{'neutral': 1}
2022-09-19,17,0.13656417112299465,"{'neutral': 8, 'positive': 5, 'negative': 4}"
2022-09-20,19,0.2701754385964912,"{'neutral': 9, 'positive': 9, 'negative': 1}"
2022-09-21,12,0.3673611111111111,"{'positive': 7, 'neutral': 5}"
2022-09-22,21,0.2518140589569161,"{'positive': 12, 'neutral': 6, 'negative': 3}"
2022-09-23,18,0.2064814814814815,"{'neutral': 9, 'positive': 7, 'negative': 2}"
2022-09-24,2,0.0,{'neutral': 2}
2022-09-25,3,0.16666666666666666,"{'neutral': 2, 'positive': 1}"
2022-09-26,24,0.22430555555555554,"{'neutral': 12, 'positive': 10, 'negative': 2}"
2022-09-27,24,0.31966540404040406,"{'neutral': 11, 'positive': 11, 'negative': 2}"
2022-09-28,36,0.2837962962962963,"{'positive': 18, 'neutral': 16, 'negative': 2}"
2022-09-29,27,0.04151234567901234,"{'neutral': 13, 'positive': 8, 'negative': 6}"
2022-09-30,15,-0.021111111111111112,"{'neutral': 10, 'positive': 3, 'negative': 2}"
2022-10-01,5,0.05714285714285714,"{'neutral': 4, 'positive': 1}"
2022-10-02,2,0.25,"{'positive': 1, 'neutral': 1}"
2022-10-03,21,0.4966931216931217,"{'positive': 13, 'neutral': 7, 'negative': 1}"
2022-10-04,28,0.2884070294784581,"{'positive': 13, 'neutral': 10, 'negative': 5}"
2022-10-05,24,0.5050925925925925,"{'positive': 14, 'neutral': 10}"
2022-10-06,14,0.08181989967704253,"{'positive': 7, 'neutral': 4, 'negative': 3}"
2022-10-07,15,0.14962481962481963,"{'positive': 7, 'neutral': 6, 'negative': 2}"
2022-10-08,8,0.2625,"{'neutral': 5, 'positive': 3}"
2022-10-09,2,0.15,"{'positive': 1, 'neutral': 1}"
2022-10-10,12,0.25300324675324676,"{'positive': 7, 'neutral': 4, 'negative': 1}"
2022-10-11,14,0.07738095238095237,"{'positive': 7, 'negative': 4, 'neutral': 3}"
2022-10-12,17,0.6826797385620915,"{'positive': 13, 'neutral': 4}"
2022-10-13,19,0.27679235968709653,"{'positive': 9, 'neutral': 8, 'negative': 2}"
2022-10-14,11,0.22218614718614715,"{'positive': 6, 'neutral': 5}"
2022-10-15,5,0.3,"{'neutral': 3, 'positive': 2}"
2022-10-16,4,0.25,"{'neutral': 3, 'positive': 1}"
2022-10-17,23,0.44130434782608696,"{'positive': 13, 'neutral': 10}"
2022-10-18,22,0.4407943067033976,"{'positive': 12, 'neutral': 9, 'negative': 1}"
2022-10-19,12,0.2791666666666667,"{'positive': 5, 'neutral': 4, 'negative': 3}"
2022-10-20,14,0.20952380952380953,"{'positive': 7, 'neutral': 6, 'negative': 1}"
2022-10-21,20,0.11583333333333334,"{'neutral': 12, 'positive': 6, 'negative': 2}"
2022-10-22,2,1.0,{'positive': 2}
2022-10-23,5,0.0,"{'neutral': 3, 'positive': 1, 'negative': 1}"
2022-10-24,23,0.21775362318840583,"{'neutral': 12, 'positive': 8, 'negative': 3}"
2022-10-25,31,0.27612414467253177,"{'positive': 14, 'neutral': 13, 'negative': 4}"
2022-10-26,24,0.09692460317460318,"{'positive': 13, 'negative': 8, 'neutral': 3}"
2022-10-27,34,0.34753911665676374,"{'positive': 19, 'neutral': 11, 'negative': 4}"
2022-10-28,30,0.15365079365079365,"{'positive': 13, 'neutral': 11, 'negative': 6}"
2022-10-29,7,0.12410714285714286,"{'neutral': 4, 'positive': 3}"
2022-10-30,3,0.0,{'neutral': 3}
2022-10-31,25,0.040761904761904756,"{'neutral': 15, 'positive': 7, 'negative': 3}"
2022-11-01,13,0.07350427350427349,"{'neutral': 8, 'positive': 3, 'negative': 2}"
2022-11-02,15,0.13824074074074075,"{'positive': 8, 'neutral': 5, 'negative': 2}"
2022-11-03,19,0.19250905040378727,"{'positive': 9, 'neutral': 7, 'negative': 3}"
2022-11-04,14,0.1318181818181818,"{'neutral': 8, 'positive': 6}"
2022-11-05,3,0.3541666666666667,"{'neutral': 2, 'positive': 1}"
2022-11-06,6,0.041666666666666664,"{'neutral': 5, 'positive': 1}"
2022-11-07,19,0.3877192982456141,"{'positive': 12, 'neutral': 6, 'negative': 1}"
2022-11-08,15,0.0564983164983165,"{'neutral': 8, 'positive': 5, 'negative': 2}"
2022-11-09,20,-0.15833333333333335,"{'neutral': 10, 'negative': 6, 'positive': 4}"
2022-11-10,22,0.5293470418470418,"{'positive': 15, 'neutral': 5, 'negative': 2}"
2022-11-11,21,0.5066468253968254,"{'positive': 13, 'neutral': 7, 'negative': 1}"
2022-11-12,2,0.0,{'neutral': 2}
2022-11-13,3,0.8333333333333334,{'positive': 3}
2022-11-14,17,0.10626750700280112,"{'neutral': 11, 'positive': 5, 'negative': 1}"
2022-11-15,12,0.05833333333333333,"{'neutral': 7, 'positive': 3, 'negative': 2}"
2022-11-16,12,0.40902777777777777,"{'positive': 7, 'neutral': 5}"
2022-11-17,15,0.24555555555555558,"{'neutral': 7, 'positive': 7, 'negative': 1}"
2022-11-18,16,0.28125,"{'neutral': 9, 'positive': 6, 'negative': 1}"
2022-11-19,3,0.5,"{'positive': 2, 'neutral': 1}"
2022-11-20,5,0.33999999999999997,"{'positive': 3, 'neutral': 2}"
2022-11-21,11,-0.051515151515151514,"{'neutral': 7, 'positive': 2, 'negative': 2}"
2022-11-22,19,0.35538847117794486,"{'positive': 11, 'neutral': 7, 'negative': 1}"
2022-11-23,16,0.16966145833333335,"{'neutral': 8, 'positive': 6, 'negative': 2}"
2022-11-24,7,0.32413419913419916,"{'positive': 5, 'neutral': 1, 'negative': 1}"
2022-11-25,20,0.2036111111111111,"{'neutral': 9, 'positive': 8, 'negative': 3}"
2022-11-26,2,0.165625,"{'positive': 1, 'neutral': 1}"
2022-11-28,32,-0.014453124999999999,"{'neutral': 13, 'negative': 10, 'positive': 9}"
2022-11-29,25,0.14149206349206347,"{'neutral': 13, 'positive': 8, 'negative': 4}"
2022-11-30,22,0.3136453823953824,"{'neutral': 13, 'positive': 8, 'negative': 1}"
2022-12-01,25,0.34883333333333333,"{'positive': 13, 'neutral': 8, 'negative': 4}"
2022-12-02,23,0.2726331639375118,"{'positive': 13, 'neutral': 8, 'negative': 2}"
2022-12-03,5,0.16666666666666669,"{'neutral': 3, 'negative': 1, 'positive': 1}"
2022-12-04,9,0.14285714285714285,"{'neutral': 6, 'positive': 3}"
2022-12-05,15,0.218023088023088,"{'neutral': 8, 'positive': 7}"
2022-12-06,19,0.039097744360902256,"{'neutral': 11, 'positive': 5, 'negative': 3}"
2022-12-07,25,0.0686060606060606,"{'neutral': 12, 'positive': 8, 'negative': 5}"
2022-12-08,23,0.4924430641821946,"{'positive': 13, 'neutral': 10}"
2022-12-09,9,0.3333333333333333,"{'positive': 5, 'neutral': 4}"
2022-12-10,3,0.6666666666666666,"{'positive': 2, 'neutral': 1}"
2022-12-11,4,0.04642857142857142,"{'neutral': 3, 'positive': 1}"
2022-12-12,13,0.2805860805860806,"{'positive': 8, 'neutral': 3, 'negative': 2}"
2022-12-13,10,0.12050000000000001,"{'positive': 4, 'neutral': 4, 'negative': 2}"
2022-12-14,12,0.075,"{'neutral': 8, 'positive': 3, 'negative': 1}"
2022-12-15,19,0.11955172020961495,"{'positive': 9, 'neutral': 8, 'negative': 2}"
2022-12-16,15,0.341022126022126,"{'positive': 9, 'neutral': 6}"
2022-12-17,5,0.27999999999999997,"{'neutral': 3, 'positive': 2}"
2022-12-18,5,0.5571428571428572,"{'positive': 4, 'neutral': 1}"
2022-12-19,16,0.08046875,"{'positive': 8, 'negative': 5, 'neutral': 3}"
2022-12-20,11,0.19848484848484851,"{'positive': 5, 'neutral': 5, 'negative': 1}"
2022-12-21,14,0.3416666666666667,"{'positive': 8, 'neutral': 5, 'negative': 1}"
2022-12-22,16,0.15892857142857142,"{'neutral': 11, 'positive': 5}"
2022-12-23,13,0.2555555555555556,"{'neutral': 6, 'positive': 6, 'negative': 1}"
2022-12-24,3,-0.3333333333333333,"{'neutral': 2, 'negative': 1}"
2022-12-25,3,0.4271604938271605,{'positive': 3}
2022-12-26,5,0.2,"{'neutral': 4, 'positive': 1}"
2022-12-27,21,0.3797017797017797,"{'positive': 11, 'neutral': 7, 'negative': 3}"
2022-12-28,22,0.1794667453758363,"{'positive': 13, 'neutral': 6, 'negative': 3}"
2022-12-29,21,0.4880952380952381,"{'positive': 12, 'neutral': 9}"
2022-12-30,22,0.07424242424242423,"{'neutral': 10, 'positive': 8, 'negative': 4}"
2022-12-31,5,0.6,"{'positive': 3, 'neutral': 2}"
2023-01-01,2,-0.07777777777777778,"{'negative': 1, 'neutral': 1}"
2023-01-02,11,0.26720779220779217,"{'positive': 6, 'neutral': 5}"
2023-01-03,29,0.15382892969099865,"{'positive': 15, 'neutral': 10, 'negative': 4}"
2023-01-04,22,0.24411321002230094,"{'neutral': 10, 'positive': 10, 'negative': 2}"
2023-01-05,17,0.08790849673202615,"{'neutral': 8, 'positive': 6, 'negative': 3}"
2023-01-06,17,0.3907096171802054,"{'positive': 12, 'negative': 3, 'neutral': 2}"
2023-01-07,7,0.1357142857142857,"{'neutral': 5, 'positive': 2}"
2023-01-08,2,0.024999999999999994,{'neutral': 2}
2023-01-09,19,0.08451621477937267,"{'neutral': 12, 'positive': 5, 'negative': 2}"
2023-01-10,20,0.32181818181818184,"{'neutral': 11, 'positive': 9}"
2023-01-11,19,0.10233158654211287,"{'neutral': 10, 'positive': 6, 'negative': 3}"
2023-01-12,17,0.2801120448179272,"{'positive': 8, 'neutral': 8, 'negative': 1}"
2023-01-13,14,0.0802295918367347,"{'neutral': 9, 'positive': 4, 'negative': 1}"
2023-01-14,6,0.05063131313131314,"{'neutral': 5, 'positive': 1}"
2023-01-15,1,0.34285714285714286,{'positive': 1}
2023-01-16,14,0.44216269841269845,"{'positive': 8, 'neutral': 6}"
2023-01-17,17,0.22204609116373822,"{'positive': 8, 'neutral': 7, 'negative': 2}"
2023-01-18,20,0.3274206349206349,"{'neutral': 10, 'positive': 9, 'negative': 1}"
2023-01-19,17,0.33044786096256684,"{'positive': 9, 'neutral': 6, 'negative': 2}"
2023-01-20,18,0.13875661375661374,"{'neutral': 8, 'positive': 7, 'negative': 3}"
2023-01-21,5,0.7,"{'positive': 4, 'neutral': 1}"
2023-01-22,7,0.3051948051948052,"{'neutral': 4, 'positive': 3}"
2023-01-23,25,0.30224242424242426,"{'positive': 14, 'neutral': 10, 'negative': 1}"
2023-01-24,18,0.3217592592592593,"{'neutral': 11, 'positive': 6, 'negative': 1}"
2023-01-25,18,-0.07116402116402115,"{'neutral': 7, 'positive': 6, 'negative': 5}"
2023-01-26,21,0.18273809523809526,"{'neutral': 11, 'positive': 7, 'negative': 3}"
2023-01-27,14,0.5641156462585034,"{'positive': 10, 'neutral': 4}"
2023-01-28,2,0.0,{'neutral': 2}
2023-01-29,10,0.175,"{'neutral': 5, 'positive': 4, 'negative': 1}"
2023-01-30,30,-0.08895061728395062,"{'neutral': 20, 'negative': 6, 'positive': 4}"
2023-01-31,31,0.22426821983273598,"{'neutral': 23, 'positive': 8}"
2023-02-01,24,0.09201388888888888,"{'neutral': 10, 'positive': 9, 'negative': 5}"
2023-02-02,36,0.3826388888888889,"{'positive': 18, 'neutral': 16, 'negative': 2}"
2023-02-03,41,0.09329268292682927,"{'neutral': 20, 'positive': 14, 'negative': 7}"
2023-02-04,1,0.0,{'neutral': 1}
2023-02-05,2,1.0,{'positive': 2}
2023-02-06,25,0.0938989898989899,"{'neutral': 14, 'positive': 7, 'negative': 4}"
2023-02-07,18,0.2822671156004489,"{'neutral': 11, 'positive': 6, 'negative': 1}"
2023-02-08,16,0.24136904761904762,"{'positive': 9, 'neutral': 5, 'negative': 2}"
2023-02-09,14,0.4238095238095238,"{'positive': 9, 'neutral': 4, 'negative': 1}"
2023-02-10,15,0.18000000000000002,"{'positive': 7, 'neutral': 6, 'negative': 2}"
2023-02-11,4,0.3482142857142857,"{'positive': 2, 'neutral': 2}"
2023-02-12,4,0.175,"{'neutral': 2, 'negative': 1, 'positive': 1}"
2023-02-13,15,0.5622222222222223,"{'positive': 12, 'neutral': 3}"
2023-02-14,17,0.2824420677361854,"{'positive': 9, 'neutral': 7, 'negative': 1}"
2023-02-15,15,0.16666666666666666,"{'neutral': 7, 'positive': 6, 'negative': 2}"
2023-02-16,9,0.18703703703703703,"{'neutral': 6, 'positive': 3}"
2023-02-17,13,0.1294871794871795,"{'neutral': 8, 'positive': 4, 'negative': 1}"
2023-02-18,5,0.4011111111111111,"{'positive': 4, 'neutral': 1}"
2023-02-19,5,0.3,"{'neutral': 3, 'positive': 2}"
2023-02-20,5,0.44000000000000006,"{'positive': 3, 'neutral': 2}"
2023-02-21,15,-0.16444444444444445,"{'neutral': 9, 'negative': 4, 'positive': 2}"
2023-02-22,12,0.17857142857142858,"{'neutral': 9, 'positive': 3}"
2023-02-23,17,0.09607843137254903,"{'neutral': 8, 'positive': 6, 'negative': 3}"
2023-02-24,9,0.24722222222222223,"{'neutral': 5, 'positive': 4}"
2023-02-25,5,0.5,"{'positive': 4, 'neutral': 1}"
2023-02-26,3,0.05000000000000001,"{'negative': 1, 'neutral': 1, 'positive': 1}"
2023-02-27,15,0.1961111111111111,"{'positive': 7, 'neutral': 6, 'negative': 2}"
2023-02-28,18,0.2156084656084656,"{'neutral': 10, 'positive': 7, 'negative': 1}"
2023-03-01,19,0.08421052631578947,"{'positive': 8, 'neutral': 7, 'negative': 4}"
2023-03-02,15,0.26075396825396824,"{'positive': 8, 'neutral': 6, 'negative': 1}"
2023-03-03,22,0.3426767676767677,"{'positive': 11, 'neutral': 7, 'negative': 4}"
2023-03-04,2,0.25,"{'neutral': 1, 'positive': 1}"
2023-03-05,7,0.3535714285714286,"{'positive': 4, 'neutral': 2, 'negative': 1}"
2023-03-06,26,0.3766826923076923,"{'positive': 13, 'neutral': 12, 'negative': 1}"
2023-03-07,17,0.14103641456582633,"{'neutral': 8, 'positive': 7, 'negative': 2}"
2023-03-08,6,0.3333333333333333,"{'neutral': 4, 'positive': 2}"
2023-03-09,18,0.4702380952380952,"{'positive': 10, 'neutral': 8}"
2023-03-10,8,-0.05029761904761905,"{'neutral': 4, 'positive': 3, 'negative': 1}"
2023-03-11,5,0.6185714285714285,"{'positive': 4, 'neutral': 1}"
2023-03-12,4,0.425,"{'positive': 2, 'neutral': 1, 'negative': 1}"
2023-03-13,14,0.2933248299319728,"{'neutral': 8, 'positive': 6}"
2023-03-14,16,0.4121685606060606,"{'positive': 9, 'neutral': 6, 'negative': 1}"
2023-03-15,12,0.14787157287157285,"{'neutral': 6, 'positive': 5, 'negative': 1}"
2023-03-16,12,0.2650793650793651,"{'positive': 7, 'neutral': 5}"
2023-03-17,13,0.2987179487179487,"{'positive': 7, 'neutral': 5, 'negative': 1}"
2023-03-18,4,0.75,"{'positive': 3, 'neutral': 1}"
2023-03-19,5,0.28214285714285714,"{'positive': 4, 'neutral': 1}"
2023-03-20,7,0.0,"{'neutral': 3, 'positive': 2, 'negative': 2}"
2023-03-21,13,0.3076923076923077,"{'neutral': 9, 'positive': 4}"
2023-03-22,16,0.376953125,"{'neutral': 10, 'positive': 6}"
2023-03-23,24,0.2552083333333333,"{'neutral': 13, 'positive': 10, 'negative': 1}"
2023-03-24,15,0.25952380952380955,"{'neutral': 8, 'positive': 6, 'negative': 1}"
2023-03-25,1,0.30714285714285716,{'positive': 1}
2023-03-26,3,0.09523809523809523,"{'neutral': 2, 'positive': 1}"
2023-03-27,17,0.18645276292335117,"{'neutral': 12, 'positive': 4, 'negative': 1}"
2023-03-28,22,0.23963990554899645,"{'positive': 10, 'neutral': 10, 'negative': 2}"
2023-03-29,15,0.5135714285714286,"{'positive': 10, 'neutral': 5}"
2023-03-30,25,0.3293333333333333,"{'neutral': 12, 'positive': 12, 'negative': 1}"
2023-03-31,23,0.4383022774327122,"{'positive': 15, 'neutral': 8}"
2023-04-01,3,0.42857142857142855,"{'positive': 2, 'neutral': 1}"
2023-04-02,3,0.7976190476190476,{'positive': 3}
2023-04-03,22,0.1804112554112554,"{'neutral': 11, 'positive': 9, 'negative': 2}"
2023-04-04,21,0.2884920634920635,"{'neutral': 13, 'positive': 8}"
2023-04-05,31,0.24731182795698922,"{'positive': 16, 'neutral': 11, 'negative': 4}"
2023-04-06,24,0.19867123617123617,"{'neutral': 15, 'positive': 8, 'negative': 1}"
2023-04-07,2,0.0,{'neutral': 2}
2023-04-08,6,-0.027777777777777773,"{'neutral': 3, 'negative': 2, 'positive': 1}"
2023-04-09,6,0.25,"{'neutral': 4, 'positive': 2}"
2023-04-10,23,0.227475845410628,"{'neutral': 13, 'positive': 8, 'negative': 2}"
2023-04-11,19,0.21522556390977443,"{'neutral': 11, 'positive': 7, 'negative': 1}"
2023-04-12,16,0.17666396103896104,"{'neutral': 8, 'positive': 7, 'negative': 1}"
2023-04-13,26,0.23205128205128206,"{'neutral': 16, 'positive': 9, 'negative': 1}"
2023-04-14,12,0.3902777777777778,"{'neutral': 6, 'positive': 6}"
2023-04-15,5,0.0,{'neutral': 5}
2023-04-16,8,0.3366071428571429,"{'positive': 4, 'neutral': 4}"
2023-04-17,20,0.17055555555555554,"{'neutral': 10, 'positive': 7, 'negative': 3}"
2023-04-18,18,0.4324434824434824,"{'positive': 12, 'neutral': 6}"
2023-04-19,14,0.38571428571428573,"{'positive': 7, 'neutral': 6, 'negative': 1}"
2023-04-20,20,0.08393939393939394,"{'positive': 9, 'neutral': 6, 'negative': 5}"
2023-04-21,14,0.15595238095238098,"{'neutral': 9, 'positive': 4, 'negative': 1}"
2023-04-22,5,0.24,"{'positive': 2, 'neutral': 2, 'negative': 1}"
2023-04-23,6,0.033333333333333326,"{'neutral': 3, 'negative': 2, 'positive': 1}"
2023-04-24,19,0.23157894736842108,"{'neutral': 14, 'positive': 5}"
2023-04-25,20,0.34500000000000003,"{'neutral': 9, 'positive': 9, 'negative': 2}"
2023-04-26,20,0.10482638888888889,"{'neutral': 9, 'positive': 7, 'negative': 4}"
2023-04-27,16,0.1375,"{'neutral': 10, 'positive': 5, 'negative': 1}"
2023-04-28,12,0.4099867724867725,"{'positive': 7, 'neutral': 5}"
2023-04-29,5,0.6,"{'positive': 3, 'neutral': 2}"
2023-04-30,5,0.2,"{'positive': 2, 'neutral': 2, 'negative': 1}"
2023-05-01,21,0.24916383219954646,"{'neutral': 10, 'positive': 9, 'negative': 2}"
2023-05-02,19,0.08450292397660819,"{'neutral': 8, 'positive': 7, 'negative': 4}"
2023-05-03,23,0.1814958592132505,"{'neutral': 10, 'positive': 10, 'negative': 3}"
2023-05-04,39,0.16761633428300096,"{'neutral': 16, 'positive': 15, 'negative': 8}"
2023-05-05,50,0.38416666666666666,"{'neutral': 26, 'positive': 22, 'negative': 2}"
2023-05-06,7,0.35714285714285715,"{'neutral': 4, 'positive': 3}"
2023-05-07,4,0.5297619047619048,"{'positive': 3, 'negative': 1}"
2023-05-08,18,0.17777777777777778,"{'neutral': 8, 'positive': 7, 'negative': 3}"
2023-05-09,26,0.19743589743589746,"{'neutral': 11, 'positive': 9, 'negative': 6}"
2023-05-10,20,0.33416666666666667,"{'positive': 10, 'neutral': 9, 'negative': 1}"
2023-05-11,17,0.22188693659281894,"{'neutral': 8, 'positive': 7, 'negative': 2}"
2023-05-12,19,-0.003487886382623218,"{'positive': 8, 'neutral': 6, 'negative': 5}"
2023-05-13,1,0.3321428571428572,{'positive': 1}
2023-05-14,2,0.25,"{'positive': 1, 'neutral': 1}"
2023-05-15,15,0.2785714285714286,"{'neutral': 9, 'positive': 6}"
2023-05-16,17,0.1972455648926237,"{'neutral': 8, 'positive': 7, 'negative': 2}"
2023-05-17,22,0.060497835497835495,"{'neutral': 14, 'positive': 6, 'negative': 2}"
2023-05-18,24,0.11884920634920636,"{'neutral': 11, 'positive': 10, 'negative': 3}"
2023-05-19,26,0.2576923076923077,"{'neutral': 16, 'positive': 9, 'negative': 1}"
2023-05-20,1,0.0,{'neutral': 1}
2023-05-21,7,0.3408163265306122,"{'positive': 5, 'neutral': 2}"
2023-05-22,21,0.3232864357864358,"{'positive': 11, 'neutral': 9, 'negative': 1}"
2023-05-23,25,0.2758989898989899,"{'positive': 11, 'neutral': 10, 'negative': 4}"
2023-05-24,17,0.19037433155080213,"{'positive': 9, 'neutral': 7, 'negative': 1}"
2023-05-25,20,0.17604166666666668,"{'neutral': 13, 'positive': 6, 'negative': 1}"
2023-05-26,14,0.22648809523809524,"{'positive': 6, 'negative': 4, 'neutral': 4}"
2023-05-27,8,0.5267857142857143,"{'positive': 5, 'neutral': 3}"
2023-05-28,4,0.4107142857142857,"{'neutral': 2, 'positive': 2}"
2023-05-29,9,0.6111111111111112,"{'positive': 6, 'neutral': 3}"
2023-05-30,20,0.2403968253968254,"{'positive': 10, 'neutral': 7, 'negative': 3}"
2023-05-31,17,0.36446078431372547,"{'positive': 9, 'neutral': 7, 'negative': 1}"
2023-06-01,22,0.23560606060606062,"{'neutral': 15, 'positive': 7}"
2023-06-02,27,0.29047619047619044,"{'neutral': 17, 'positive': 9, 'negative': 1}"
2023-06-03,5,0.1,"{'neutral': 4, 'positive': 1}"
2023-06-04,5,0.2,"{'neutral': 4, 'positive': 1}"
2023-06-05,30,0.19565656565656564,"{'neutral': 13, 'positive': 12, 'negative': 5}"
2023-06-06,27,0.23147346480679812,"{'neutral': 14, 'positive': 11, 'negative': 2}"
2023-06-07,18,0.22285353535353536,"{'neutral': 9, 'positive': 8, 'negative': 1}"
2023-06-08,25,0.258,"{'positive': 11, 'neutral': 11, 'negative': 3}"
2023-06-09,25,0.32961616161616164,"{'positive': 12, 'neutral': 11, 'negative': 2}"
2023-06-10,7,0.3464285714285714,"{'positive': 4, 'neutral': 3}"
2023-06-11,5,0.35238095238095235,"{'positive': 3, 'neutral': 2}"
2023-06-12,11,0.5704545454545454,"{'positive': 8, 'neutral': 3}"
2023-06-13,30,0.37986531986531985,"{'positive': 17, 'neutral': 11, 'negative': 2}"
2023-06-14,19,0.32149122807017544,"{'neutral': 10, 'positive': 9}"
2023-06-15,26,0.28683816183816185,"{'positive': 14, 'neutral': 11, 'negative': 1}"
2023-06-16,13,0.10384615384615385,"{'neutral': 9, 'positive': 3, 'negative': 1}"
2023-06-17,4,0.0,{'neutral': 4}
2023-06-18,6,0.08333333333333333,"{'neutral': 5, 'positive': 1}"
2023-06-19,13,0.40728021978021983,"{'neutral': 7, 'positive': 6}"
2023-06-20,15,0.2101010101010101,"{'neutral': 10, 'positive': 5}"
2023-06-21,14,0.30892857142857144,"{'positive': 8, 'neutral': 5, 'negative': 1}"
2023-06-22,14,0.5059523809523809,"{'positive': 11, 'neutral': 3}"
2023-06-23,13,0.09935897435897437,"{'neutral': 6, 'positive': 5, 'negative': 2}"
2023-06-24,2,0.5,"{'positive': 1, 'neutral': 1}"
2023-06-25,7,0.2704081632653061,"{'positive': 4, 'neutral': 2, 'negative': 1}"
2023-06-26,20,0.15083333333333332,"{'neutral': 14, 'positive': 5, 'negative': 1}"
2023-06-27,21,0.21394815501958359,"{'positive': 10, 'neutral': 10, 'negative': 1}"
2023-06-28,21,0.3880952380952381,"{'positive': 12, 'neutral': 6, 'negative': 3}"
2023-06-29,26,0.34204545454545454,"{'positive': 14, 'neutral': 9, 'negative': 3}"
2023-06-30,33,0.2784369670733307,"{'neutral': 18, 'positive': 14, 'negative': 1}"
2023-07-01,4,0.3732142857142857,"{'positive': 2, 'neutral': 1, 'negative': 1}"
2023-07-02,7,0.2520408163265306,"{'positive': 4, 'negative': 2, 'neutral': 1}"
2023-07-03,33,0.36463744588744584,"{'neutral': 16, 'positive': 14, 'negative': 3}"
2023-07-04,9,-0.012500000000000004,"{'neutral': 6, 'negative': 2, 'positive': 1}"
2023-07-05,21,0.4642857142857143,"{'positive': 12, 'neutral': 9}"
2023-07-06,20,0.212718253968254,"{'positive': 9, 'neutral': 9, 'negative': 2}"
2023-07-07,19,0.4068922305764411,"{'positive': 12, 'neutral': 5, 'negative': 2}"
2023-07-08,6,0.2951388888888889,"{'positive': 4, 'neutral': 2}"
2023-07-09,3,0.0,{'neutral': 3}
2023-07-10,18,0.1401154401154401,"{'neutral': 12, 'positive': 5, 'negative': 1}"
2023-07-11,20,0.34300865800865804,"{'positive': 11, 'neutral': 9}"
2023-07-12,14,0.39931972789115644,"{'positive': 10, 'neutral': 3, 'negative': 1}"
2023-07-13,18,0.21335978835978833,"{'positive': 9, 'neutral': 8, 'negative': 1}"
2023-07-14,21,0.28015873015873016,"{'neutral': 13, 'positive': 8}"
2023-07-15,5,0.3066666666666667,"{'positive': 3, 'neutral': 2}"
2023-07-16,4,0.3125,"{'neutral': 2, 'positive': 2}"
2023-07-17,24,0.3125,"{'neutral': 14, 'positive': 10}"
2023-07-18,21,0.4002645502645502,"{'positive': 12, 'neutral': 9}"
2023-07-19,15,0.33666666666666667,"{'neutral': 8, 'positive': 6, 'negative': 1}"
2023-07-20,21,0.3510487528344671,"{'positive': 10, 'neutral': 10, 'negative': 1}"
2023-07-21,15,0.34555555555555556,"{'neutral': 9, 'positive': 6}"
2023-07-22,3,0.4166666666666667,"{'positive': 2, 'neutral': 1}"
2023-07-23,3,0.4047619047619047,"{'positive': 2, 'neutral': 1}"
2023-07-24,25,0.23476190476190475,"{'positive': 12, 'neutral': 11, 'negative': 2}"
2023-07-25,18,0.375,"{'neutral': 10, 'positive': 8}"
2023-07-26,29,0.2830795641140469,"{'positive': 15, 'neutral': 12, 'negative': 2}"
2023-07-27,19,0.29618838763575606,"{'positive': 10, 'neutral': 9}"
2023-07-28,19,0.3229323308270677,"{'positive': 12, 'neutral': 5, 'negative': 2}"
2023-07-29,3,0.48333333333333334,"{'positive': 2, 'neutral': 1}"
2023-07-30,13,0.07649572649572649,"{'neutral': 6, 'positive': 5, 'negative': 2}"
2023-07-31,35,0.35518707482993195,"{'positive': 17, 'neutral': 16, 'negative': 2}"
2023-08-01,21,0.2381673881673882,"{'neutral': 12, 'positive': 8, 'negative': 1}"
2023-08-02,28,0.05175930220573078,"{'positive': 13, 'negative': 8, 'neutral': 7}"
2023-08-03,38,0.3631578947368421,"{'positive': 19, 'neutral': 18, 'negative': 1}"
2023-08-04,54,0.2882716049382716,"{'neutral': 26, 'positive': 24, 'negative': 4}"
2023-08-05,8,0.3541666666666667,"{'positive': 4, 'neutral': 3, 'negative': 1}"
2023-08-06,11,0.10974025974025975,"{'neutral': 5, 'positive': 4, 'negative': 2}"
2023-08-07,24,0.4509890572390572,"{'positive': 14, 'neutral': 9, 'negative': 1}"
2023-08-08,18,0.2685185185185185,"{'positive': 10, 'neutral': 6, 'negative': 2}"
2023-08-09,23,0.0644927536231884,"{'neutral': 15, 'positive': 5, 'negative': 3}"
2023-08-10,25,0.35990319865319864,"{'neutral': 14, 'positive': 11}"
2023-08-11,20,0.20753968253968252,"{'neutral': 10, 'positive': 9, 'negative': 1}"
2023-08-12,3,0.0,{'neutral': 3}
2023-08-13,6,0.3333333333333333,"{'neutral': 4, 'positive': 2}"
2023-08-14,15,0.5008585858585859,"{'positive': 11, 'neutral': 4}"
2023-08-15,22,0.24810606060606058,"{'positive': 11, 'neutral': 9, 'negative': 2}"
2023-08-16,14,0.4238095238095238,"{'positive': 9, 'neutral': 5}"
2023-08-17,22,0.27694805194805194,"{'neutral': 11, 'positive': 10, 'negative': 1}"
2023-08-18,20,0.05714285714285715,"{'positive': 10, 'negative': 5, 'neutral': 5}"
2023-08-19,6,0.05529100529100529,"{'neutral': 5, 'positive': 1}"
2023-08-20,5,0.24,"{'positive': 4, 'neutral': 1}"
2023-08-21,15,0.09242424242424242,"{'positive': 7, 'neutral': 5, 'negative': 3}"
2023-08-22,15,0.33999999999999997,"{'neutral': 9, 'positive': 6}"
2023-08-23,30,0.4774025974025974,"{'positive': 16, 'neutral': 14}"
2023-08-24,19,0.19711779448621555,"{'neutral': 10, 'positive': 8, 'negative': 1}"
2023-08-25,20,0.10273809523809525,"{'positive': 10, 'neutral': 7, 'negative': 3}"
2023-08-26,7,0.31428571428571433,"{'positive': 3, 'neutral': 3, 'negative': 1}"
2023-08-27,8,0.25625,"{'neutral': 4, 'positive': 3, 'negative': 1}"
2023-08-28,15,0.3378787878787879,"{'neutral': 8, 'positive': 6, 'negative': 1}"
2023-08-29,12,0.28611111111111115,"{'positive': 6, 'neutral': 5, 'negative': 1}"
2023-08-30,24,0.4213564213564214,"{'positive': 14, 'neutral': 10}"
2023-08-31,25,0.4396666666666667,"{'positive': 16, 'neutral': 7, 'negative': 2}"
2023-09-01,12,0.4069444444444444,"{'positive': 6, 'neutral': 6}"
2023-09-02,2,0.3,"{'neutral': 1, 'positive': 1}"
2023-09-03,2,0.21666666666666665,"{'positive': 1, 'neutral': 1}"
2023-09-04,8,0.26022727272727275,"{'positive': 4, 'neutral': 3, 'negative': 1}"
2023-09-05,22,0.1321969696969697,"{'neutral': 10, 'positive': 9, 'negative': 3}"
2023-09-06,32,0.10737621753246754,"{'neutral': 16, 'positive': 13, 'negative': 3}"
2023-09-07,54,-0.2300251189140078,"{'negative': 23, 'neutral': 16, 'positive': 15}"
2023-09-08,48,0.14873737373737372,"{'neutral': 24, 'positive': 16, 'negative': 8}"
2023-09-09,6,0.2904761904761905,"{'positive': 4, 'neutral': 2}"
2023-09-10,10,0.1860732323232323,"{'neutral': 5, 'positive': 4, 'negative': 1}"
2023-09-11,37,0.34686049686049686,"{'positive': 19, 'neutral': 17, 'negative': 1}"
2023-09-12,54,0.08854784618673507,"{'neutral': 32, 'positive': 17, 'negative': 5}"
2023-09-13,56,0.34186572356215217,"{'positive': 29, 'neutral': 22, 'negative': 5}"
2023-09-14,37,0.3146933865683866,"{'positive': 18, 'neutral': 17, 'negative': 2}"
2023-09-15,21,0.3166666666666667,"{'neutral': 12, 'positive': 9}"
2023-09-16,6,0.4751082251082251,"{'positive': 5, 'neutral': 1}"
2023-09-17,12,0.2947916666666666,"{'neutral': 6, 'positive': 6}"
2023-09-18,22,0.3978650137741047,"{'positive': 13, 'neutral': 9}"
2023-09-19,19,0.11622807017543861,"{'positive': 9, 'neutral': 6, 'negative': 4}"
2023-09-20,26,0.19829059829059828,"{'positive': 11, 'neutral': 11, 'negative': 4}"
2023-09-21,26,0.08537296037296037,"{'neutral': 13, 'positive': 9, 'negative': 4}"
2023-09-22,24,0.18299663299663302,"{'neutral': 17, 'positive': 7}"
2023-09-23,3,0.0,{'neutral': 3}
2023-09-24,8,0.18125,"{'neutral': 4, 'positive': 3, 'negative': 1}"
2023-09-25,15,0.12871212121212122,"{'neutral': 8, 'positive': 4, 'negative': 3}"
2023-09-26,32,-0.0009469696969696927,"{'neutral': 14, 'positive': 10, 'negative': 8}"
2023-09-27,29,0.12273380355276908,"{'neutral': 13, 'positive': 11, 'negative': 5}"
2023-09-28,22,0.21805555555555556,"{'neutral': 12, 'positive': 7, 'negative': 3}"
2023-09-29,25,0.42733333333333334,"{'positive': 14, 'neutral': 11}"
2023-09-30,6,0.34761904761904766,"{'positive': 3, 'neutral': 2, 'negative': 1}"
2023-10-01,5,0.8,"{'positive': 4, 'neutral': 1}"
2023-10-02,26,0.3794642857142857,"{'positive': 14, 'neutral': 11, 'negative': 1}"
2023-10-03,21,0.38033395176252316,"{'positive': 11, 'neutral': 10}"
2023-10-04,24,0.21708228114478115,"{'positive': 11, 'neutral': 11, 'negative': 2}"
2023-10-05,19,0.052161654135338346,"{'positive': 9, 'neutral': 6, 'negative': 4}"
2023-10-06,13,0.37069597069597066,"{'positive': 8, 'neutral': 4, 'negative': 1}"
2023-10-07,5,-0.014999999999999996,"{'neutral': 3, 'negative': 1, 'positive': 1}"
2023-10-08,5,0.2619047619047619,"{'positive': 4, 'neutral': 1}"
2023-10-09,28,0.0453553391053391,"{'neutral': 18, 'positive': 7, 'negative': 3}"
2023-10-10,20,0.195,"{'neutral': 11, 'positive': 6, 'negative': 3}"
2023-10-11,22,0.3898268398268398,"{'positive': 12, 'neutral': 7, 'negative': 3}"
2023-10-12,13,0.2371794871794872,"{'neutral': 9, 'positive': 4}"
2023-10-13,20,-0.0044047619047619,"{'neutral': 13, 'positive': 4, 'negative': 3}"
2023-10-14,5,0.05,"{'neutral': 4, 'positive': 1}"
2023-10-15,10,0.42874999999999996,"{'positive': 6, 'neutral': 3, 'negative': 1}"
2023-10-16,24,0.4680555555555555,"{'positive': 14, 'neutral': 10}"
2023-10-17,17,0.3284313725490196,"{'positive': 9, 'neutral': 7, 'negative': 1}"
2023-10-18,18,0.3829365079365079,"{'neutral': 9, 'positive': 9}"
2023-10-19,27,0.31389824167601943,"{'neutral': 13, 'positive': 12, 'negative': 2}"
2023-10-20,16,0.3853174603174603,"{'positive': 9, 'neutral': 7}"
2023-10-21,4,0.525,"{'positive': 3, 'neutral': 1}"
2023-10-22,6,-0.3592592592592592,"{'neutral': 3, 'negative': 3}"
2023-10-23,28,0.2673063543599258,"{'positive': 13, 'neutral': 13, 'negative': 2}"
2023-10-24,23,0.39288537549407115,"{'positive': 14, 'neutral': 8, 'negative': 1}"
2023-10-25,32,0.058101851851851856,"{'neutral': 18, 'positive': 8, 'negative': 6}"
2023-10-26,25,0.24831746031746033,"{'neutral': 13, 'positive': 10, 'negative': 2}"
2023-10-27,22,0.3352272727272727,"{'neutral': 13, 'positive': 9}"
2023-10-28,4,0.175,"{'neutral': 3, 'positive': 1}"
2023-10-29,8,-0.06249999999999997,"{'neutral': 4, 'negative': 2, 'positive': 2}"
2023-10-30,45,0.3818841189674523,"{'positive': 23, 'neutral': 20, 'negative': 2}"
2023-10-31,20,0.29141414141414146,"{'neutral': 10, 'positive': 9, 'negative': 1}"
2023-11-01,30,0.22944444444444445,"{'neutral': 14, 'positive': 13, 'negative': 3}"
2023-11-02,43,0.5414728682170543,"{'positive': 27, 'neutral': 16}"
2023-11-03,34,-0.059313725490196076,"{'neutral': 14, 'positive': 10, 'negative': 10}"
2023-11-04,3,0.3333333333333333,"{'neutral': 2, 'positive': 1}"
2023-11-05,6,0.03720238095238095,"{'neutral': 3, 'positive': 2, 'negative': 1}"
2023-11-06,24,0.2244047619047619,"{'neutral': 15, 'positive': 9}"
2023-11-07,24,0.28253968253968254,"{'positive': 12, 'neutral': 11, 'negative': 1}"
2023-11-08,24,0.19305555555555554,"{'neutral': 11, 'positive': 9, 'negative': 4}"
2023-11-09,23,0.13129117259552042,"{'positive': 10, 'neutral': 10, 'negative': 3}"
2023-11-10,16,0.3375,"{'positive': 9, 'neutral': 7}"
2023-11-11,5,0.13000000000000003,"{'neutral': 4, 'positive': 1}"
2023-11-12,3,-0.11666666666666665,"{'neutral': 2, 'negative': 1}"
2023-11-13,19,0.28383458646616544,"{'neutral': 9, 'positive': 9, 'negative': 1}"
2023-11-14,26,0.3095695970695971,"{'positive': 13, 'neutral': 11, 'negative': 2}"
2023-11-15,19,0.21107456140350878,"{'positive': 9, 'neutral': 8, 'negative': 2}"
2023-11-16,15,0.47428571428571425,"{'positive': 9, 'neutral': 6}"
2023-11-17,15,0.4321957671957672,"{'positive': 11, 'neutral': 4}"
2023-11-18,8,0.3000811688311688,"{'positive': 5, 'neutral': 3}"
2023-11-19,5,0.43,"{'positive': 3, 'neutral': 2}"
2023-11-20,10,0.42750000000000005,"{'positive': 5, 'neutral': 3, 'negative': 2}"
2023-11-21,12,0.38425925925925924,"{'positive': 8, 'neutral': 2, 'negative': 2}"
2023-11-22,13,0.22642357642357644,"{'neutral': 6, 'positive': 6, 'negative': 1}"
2023-11-23,12,0.23194444444444448,"{'neutral': 8, 'positive': 3, 'negative': 1}"
2023-11-24,17,0.1750700280112045,"{'positive': 7, 'neutral': 6, 'negative': 4}"
2023-11-25,4,0.25,"{'neutral': 3, 'positive': 1}"
2023-11-26,5,0.2290909090909091,"{'neutral': 4, 'positive': 1}"
2023-11-27,12,0.319047619047619,"{'neutral': 6, 'positive': 6}"
2023-11-28,13,0.012820512820512818,"{'neutral': 7, 'positive': 4, 'negative': 2}"
2023-11-29,20,0.4542460317460318,"{'positive': 11, 'neutral': 9}"
2023-11-30,12,0.29543650793650794,"{'neutral': 7, 'positive': 5}"
2023-12-01,20,0.2606709956709957,"{'neutral': 10, 'positive': 9, 'negative': 1}"
2023-12-02,4,0.55,"{'positive': 3, 'neutral': 1}"
2023-12-03,15,0.34574074074074074,"{'positive': 8, 'neutral': 6, 'negative': 1}"
2023-12-04,24,0.26407602813852815,"{'positive': 13, 'neutral': 7, 'negative': 4}"
2023-12-05,22,0.26539502164502166,"{'neutral': 13, 'positive': 8, 'negative': 1}"
2023-12-06,20,0.27416666666666667,"{'neutral': 13, 'positive': 7}"
2023-12-07,19,0.44266917293233077,"{'positive': 10, 'neutral': 9}"
2023-12-08,12,0.371780303030303,"{'neutral': 6, 'positive': 6}"
2023-12-09,4,0.4425595238095238,"{'positive': 3, 'neutral': 1}"
2023-12-10,8,0.09375,"{'neutral': 3, 'positive': 3, 'negative': 2}"
2023-12-11,36,0.17719907407407406,"{'neutral': 24, 'positive': 11, 'negative': 1}"
2023-12-12,37,0.33431613431613433,"{'neutral': 18, 'positive': 17, 'negative': 2}"
2023-12-13,22,0.6772727272727272,"{'positive': 17, 'neutral': 5}"
2023-12-14,10,-0.01499999999999999,"{'neutral': 6, 'positive': 3, 'negative': 1}"
2023-12-15,5,0.14363636363636365,"{'neutral': 3, 'positive': 2}"
2023-12-16,40,0.31148809523809523,"{'positive': 20, 'neutral': 15, 'negative': 5}"
